Precinct,Registered Voters,Ballots Cast,Voter Turnout
ALEPPO,1373,1036,75.46 %
ASPINWALL DIST 1,864,636,73.61 %
ASPINWALL DIST 2,595,433,72.77 %
ASPINWALL DIST 3,864,657,76.04 %
AVALON WARD 1,1102,723,65.61 %
AVALON WARD 2 DIST 1,707,509,71.99 %
AVALON WARD 2 DIST 2,474,336,70.89 %
AVALON WARD 3 DIST 1,330,251,76.06 %
AVALON WARD 3 DIST 2,490,339,69.18 %
AVALON WARD 3 DIST 3,481,336,69.85 %
BALDWIN BR DIST 1,568,428,75.35 %
BALDWIN BR DIST 2,994,792,79.68 %
BALDWIN BR DIST 3,802,607,75.69 %
BALDWIN BR DIST 4,756,583,77.12 %
BALDWIN BR DIST 5,782,583,74.55 %
BALDWIN BR DIST 6,749,576,76.90 %
BALDWIN BR DIST 7,803,592,73.72 %
BALDWIN BR DIST 8,705,558,79.15 %
BALDWIN BR DIST 9,750,576,76.80 %
BALDWIN BR DIST 10,1012,614,60.67 %
BALDWIN BR DIST 11,1083,680,62.79 %
BALDWIN BR DIST 12,621,473,76.17 %
BALDWIN BR DIST 13,674,554,82.20 %
BALDWIN BR DIST 14,591,460,77.83 %
BALDWIN BR DIST 15,770,588,76.36 %
BALDWIN BR DIST 16,883,661,74.86 %
BALDWIN BR DIST 17,680,525,77.21 %
BALDWIN BR DIST 18,924,734,79.44 %
BALDWIN TP DIST 1,765,641,83.79 %
BALDWIN TP DIST 2,709,553,78.00 %
BELL ACRES,1123,876,78.01 %
BELLEVUE WARD 1 DIST 1,1020,657,64.41 %
BELLEVUE WARD 1 DIST 2,963,638,66.25 %
BELLEVUE WARD 2 DIST 1,1133,738,65.14 %
BELLEVUE WARD 2 DIST 2,967,657,67.94 %
BELLEVUE WARD 3 DIST 1,1014,674,66.47 %
BELLEVUE WARD 3 DIST 2,926,655,70.73 %
BEN AVON DIST 1,473,403,85.20 %
BEN AVON DIST 2,949,744,78.40 %
BEN AVON HT,314,265,84.39 %
BETHEL PARK WARD 1 DIST 1,875,687,78.51 %
BETHEL PARK WARD 1 DIST 2,820,614,74.88 %
BETHEL PARK WARD 1 DIST 3,820,616,75.12 %
BETHEL PARK WARD 2 DIST 1,734,610,83.11 %
BETHEL PARK WARD 2 DIST 2,908,742,81.72 %
BETHEL PARK WARD 2 DIST 3,1113,843,75.74 %
BETHEL PARK WARD 3 DIST 1,792,667,84.22 %
BETHEL PARK WARD 3 DIST 2,927,736,79.40 %
BETHEL PARK WARD 3 DIST 3,1061,853,80.40 %
BETHEL PARK WARD 4 DIST 1,1300,1021,78.54 %
BETHEL PARK WARD 4 DIST 2,806,584,72.46 %
BETHEL PARK WARD 4 DIST 3,869,669,76.99 %
BETHEL PARK WARD 5 DIST 1,603,494,81.92 %
BETHEL PARK WARD 5 DIST 2,644,465,72.20 %
BETHEL PARK WARD 5 DIST 3,1478,1078,72.94 %
BETHEL PARK WARD 6 DIST 1,1283,992,77.32 %
BETHEL PARK WARD 6 DIST 2,963,775,80.48 %
BETHEL PARK WARD 6 DIST 3,767,625,81.49 %
BETHEL PARK WARD 7 DIST 1,1139,934,82.00 %
BETHEL PARK WARD 7 DIST 2,968,744,76.86 %
BETHEL PARK WARD 7 DIST 3,748,592,79.14 %
BETHEL PARK WARD 8 DIST 1,499,401,80.36 %
BETHEL PARK WARD 8 DIST 2,547,386,70.57 %
BETHEL PARK WARD 8 DIST 3,1230,982,79.84 %
BETHEL PARK WARD 8 DIST 4,463,350,75.59 %
BETHEL PARK WARD 9 DIST 1,567,471,83.07 %
BETHEL PARK WARD 9 DIST 2,699,524,74.96 %
BETHEL PARK WARD 9 DIST 3,1351,1079,79.87 %
BLAWNOX,1037,737,71.07 %
BRACKENRIDGE WARD 1,490,305,62.24 %
BRACKENRIDGE WARD 2,783,528,67.43 %
BRACKENRIDGE WARD 3,666,438,65.77 %
BRADDOCK WARD 1,557,357,64.09 %
BRADDOCK WARD 2,588,357,60.71 %
BRADDOCK WARD 3,474,236,49.79 %
BRADDOCK HL DIST 1,817,530,64.87 %
BRADDOCK HL DIST 2,541,404,74.68 %
BRADFORD WOODS,1016,821,80.81 %
BRENTWOOD DIST 1,554,426,76.90 %
BRENTWOOD DIST 2,752,542,72.07 %
BRENTWOOD DIST 3,586,446,76.11 %
BRENTWOOD DIST 4,785,548,69.81 %
BRENTWOOD DIST 5,716,486,67.88 %
BRENTWOOD DIST 6,706,451,63.88 %
BRENTWOOD DIST 7,768,550,71.61 %
BRENTWOOD DIST 8,720,557,77.36 %
BRENTWOOD DIST 9,582,433,74.40 %
BRENTWOOD DIST 10,563,411,73.00 %
BRIDGEVILLE DIST 1,783,580,74.07 %
BRIDGEVILLE DIST 2,881,600,68.10 %
BRIDGEVILLE DIST 3,847,635,74.97 %
BRIDGEVILLE DIST 4,954,691,72.43 %
CARNEGIE WARD 1 DIST 1,508,336,66.14 %
CARNEGIE WARD 1 DIST 2,1171,802,68.49 %
CARNEGIE WARD 1 DIST 3,816,592,72.55 %
CARNEGIE WARD 1 DIST 4,375,220,58.67 %
CARNEGIE WARD 2 DIST 1,651,439,67.43 %
CARNEGIE WARD 2 DIST 2,514,365,71.01 %
CARNEGIE WARD 2 DIST 3,489,399,81.60 %
CARNEGIE WARD 2 DIST 4,935,604,64.60 %
CASL SHANNON DIST 1,1020,680,66.67 %
CASL SHANNON DIST 2,861,613,71.20 %
CASL SHANNON DIST 3,793,585,73.77 %
CASL SHANNON DIST 4,653,493,75.50 %
CASL SHANNON DIST 5,618,479,77.51 %
CASL SHANNON DIST 6,642,512,79.75 %
CASL SHANNON DIST 7,786,607,77.23 %
CASL SHANNON DIST 8,560,445,79.46 %
CHALFANT DIST 1,579,435,75.13 %
CHESWICK DIST 1,622,492,79.10 %
CHESWICK DIST 2,636,499,78.46 %
CHURCHILL DIST 1,682,573,84.02 %
CHURCHILL DIST 2,685,539,78.69 %
CHURCHILL DIST 3,641,525,81.90 %
CHURCHILL DIST 4,682,549,80.50 %
CLAIRTON WARD 1 DIST 1,379,223,58.84 %
CLAIRTON WARD 1 DIST 2,401,253,63.09 %
CLAIRTON WARD 1 DIST 3,349,226,64.76 %
CLAIRTON WARD 2 DIST 1,135,81,60.00 %
CLAIRTON WARD 2 DIST 2,340,203,59.71 %
CLAIRTON WARD 2 DIST 3,464,301,64.87 %
CLAIRTON WARD 3 DIST 1,450,313,69.56 %
CLAIRTON WARD 3 DIST 2,390,242,62.05 %
CLAIRTON WARD 3 DIST 3,432,252,58.33 %
CLAIRTON WARD 4 DIST 1,401,244,60.85 %
CLAIRTON WARD 4 DIST 2,397,235,59.19 %
CLAIRTON WARD 4 DIST 3,439,294,66.97 %
COLLIER DIST 1,1110,890,80.18 %
COLLIER DIST 2,1251,1009,80.66 %
COLLIER DIST 3,1128,895,79.34 %
COLLIER DIST 4,773,596,77.10 %
COLLIER DIST 5,943,718,76.14 %
COLLIER DIST 6,1080,740,68.52 %
CORAOPOLIS WARD 1 DIST 1,476,329,69.12 %
CORAOPOLIS WARD 1 DIST 2,505,363,71.88 %
CORAOPOLIS WARD 2,814,486,59.71 %
CORAOPOLIS WARD 3 DIST 1,611,426,69.72 %
CORAOPOLIS WARD 3 DIST 2,619,427,68.98 %
CORAOPOLIS WARD 4 DIST 1,443,310,69.98 %
CORAOPOLIS WARD 4 DIST 2,504,374,74.21 %
CRAFTON WARD 1 DIST 1,888,641,72.18 %
CRAFTON WARD 1 DIST 2,618,453,73.30 %
CRAFTON WARD 2 DIST 1,604,461,76.32 %
CRAFTON WARD 2 DIST 2,801,573,71.54 %
CRAFTON WARD 3 DIST 1,958,698,72.86 %
CRAFTON WARD 3 DIST 2,582,433,74.40 %
CRESCENT WARD 1,1111,821,73.90 %
CRESCENT WARD 2,669,503,75.19 %
DORMONT DIST 1,758,547,72.16 %
DORMONT DIST 2,533,424,79.55 %
DORMONT DIST 3,960,641,66.77 %
DORMONT DIST 4,648,475,73.30 %
DORMONT DIST 5,1079,754,69.88 %
DORMONT DIST 6,537,378,70.39 %
DORMONT DIST 7,518,388,74.90 %
DORMONT DIST 8,413,326,78.93 %
DORMONT DIST 9,534,392,73.41 %
DORMONT DIST 10,610,483,79.18 %
DRAVOSBURG DIST 1,564,383,67.91 %
DRAVOSBURG DIST 2,380,287,75.53 %
DRAVOSBURG DIST 3,271,180,66.42 %
DUQUESNE WARD 1 DIST 1,478,327,68.41 %
DUQUESNE WARD 1 DIST 2,540,281,52.04 %
DUQUESNE WARD 1 DIST 3,314,167,53.18 %
DUQUESNE WARD 1 DIST 4,219,110,50.23 %
DUQUESNE WARD 2 DIST 1,397,215,54.16 %
DUQUESNE WARD 2 DIST 2,427,257,60.19 %
DUQUESNE WARD 2 DIST 3,465,291,62.58 %
DUQUESNE WARD 3 DIST 1,242,146,60.33 %
DUQUESNE WARD 3 DIST 2,186,116,62.37 %
DUQUESNE WARD 3 DIST 3,550,357,64.91 %
EAST DEER WARD 1,319,207,64.89 %
EAST DEER WARD 2,594,400,67.34 %
E MCKEESPORT DIST 1,408,306,75.00 %
E MCKEESPORT DIST 2,520,384,73.85 %
E MCKEESPORT DIST 3,492,346,70.33 %
E PITTSBURGH WARD 1,366,237,64.75 %
E PITTSBURGH WARD 2,397,247,62.22 %
E PITTSBURGH WARD 3,502,279,55.58 %
EDGEWOOD DIST 1,1006,756,75.15 %
EDGEWOOD DIST 2,940,729,77.55 %
EDGEWOOD DIST 3,873,663,75.95 %
EDGEWORTH DIST 1,705,541,76.74 %
EDGEWORTH DIST 2,748,578,77.27 %
ELIZABETH BR,913,633,69.33 %
ELIZABETH TP WD 1 DIST 1,582,450,77.32 %
ELIZABETH TP WD 1 DIST 2,919,742,80.74 %
ELIZABETH TP WARD 2,1280,1020,79.69 %
ELIZABETH TP WARD 3,1320,1014,76.82 %
ELIZABETH TP WD 4 DIST 1,909,680,74.81 %
ELIZABETH TP WD 4 DIST 2,459,371,80.83 %
ELIZABETH TP WD 5 DIST 1,435,322,74.02 %
ELIZABETH TP WD 5 DIST 2,826,610,73.85 %
ELIZABETH TP WD 6 DIST 1,611,466,76.27 %
ELIZABETH TP WD 6 DIST 2,726,548,75.48 %
ELIZABETH TP WD 7,1245,958,76.95 %
EMSWORTH DIST 1,776,588,75.77 %
EMSWORTH DIST 2,972,703,72.33 %
ETNA WARD 1,841,583,69.32 %
ETNA WARD 2,700,456,65.14 %
ETNA WARD 3,705,507,71.91 %
FAWN DIST 1,548,393,71.72 %
FAWN DIST 2,901,688,76.36 %
FINDLAY DIST 1,1062,813,76.55 %
FINDLAY DIST 2,1675,1220,72.84 %
FINDLAY DIST 3,1197,914,76.36 %
FOREST HILLS DIST 1,623,519,83.31 %
FOREST HILLS DIST 2,620,499,80.48 %
FOREST HILLS DIST 3,622,497,79.90 %
FOREST HILLS DIST 4,709,536,75.60 %
FOREST HILLS DIST 5,690,548,79.42 %
FOREST HILLS DIST 6,564,463,82.09 %
FOREST HILLS DIST 7,758,544,71.77 %
FOREST HILLS DIST 8,706,561,79.46 %
FORWARD DIST 1,369,278,75.34 %
FORWARD DIST 2,889,619,69.63 %
FORWARD DIST 3,388,288,74.23 %
FORWARD DIST 4,463,361,77.97 %
FOX CHAPEL DIST 1,799,624,78.10 %
FOX CHAPEL DIST 2,1001,753,75.22 %
FOX CHAPEL DIST 3,739,554,74.97 %
FOX CHAPEL DIST 4,1194,925,77.47 %
FOX CHAPEL DIST 5,884,680,76.92 %
FRANKLIN PK WARD 1 DIST 1,1163,877,75.41 %
FRANKLIN PK WARD 1 DIST 2,1196,939,78.51 %
FRANKLIN PK WARD 1 DIST 3,1327,1024,77.17 %
FRANKLIN PK WARD 2 DIST 1,1020,831,81.47 %
FRANKLIN PK WARD 2 DIST 2,1251,937,74.90 %
FRANKLIN PK WARD 2 DIST 3,1317,1073,81.47 %
FRANKLIN PK WARD 3 DIST 1,1286,1008,78.38 %
FRANKLIN PK WARD 3 DIST 2,788,637,80.84 %
FRANKLIN PK WARD 3 DIST 3,1211,970,80.10 %
FRAZER,761,604,79.37 %
GLASSPORT DIST 1,572,398,69.58 %
GLASSPORT DIST 2,391,211,53.96 %
GLASSPORT DIST 3,543,337,62.06 %
GLASSPORT DIST 4,235,135,57.45 %
GLASSPORT DIST 5,495,338,68.28 %
GLASSPORT DIST 6,447,285,63.76 %
GLENFIELD,146,111,76.03 %
GREEN TREE DIST 1,797,661,82.94 %
GREEN TREE DIST 2,1075,896,83.35 %
GREEN TREE DIST 3,975,776,79.59 %
GREEN TREE DIST 4,836,640,76.56 %
HAMPTON DIST 1,1193,944,79.13 %
HAMPTON DIST 2,1202,981,81.61 %
HAMPTON DIST 3,1310,1023,78.09 %
HAMPTON DIST 4,625,493,78.88 %
HAMPTON DIST 5,711,570,80.17 %
HAMPTON DIST 6,656,498,75.91 %
HAMPTON DIST 7,1300,1037,79.77 %
HAMPTON DIST 8,941,780,82.89 %
HAMPTON DIST 9,1254,1004,80.06 %
HAMPTON DIST 10,1472,1138,77.31 %
HAMPTON DIST 11,1678,1347,80.27 %
HAMPTON DIST 12,844,700,82.94 %
HAMPTON DIST 13,760,599,78.82 %
HARMAR DIST 1,1274,1015,79.67 %
HARMAR DIST 2,741,484,65.32 %
HARMAR DIST 3,361,263,72.85 %
HARRISON WARD 1 DIST 1,288,237,82.29 %
HARRISON WARD 1 DIST 2,577,455,78.86 %
HARRISON WARD 1 DIST 3,648,492,75.93 %
HARRISON WARD 2 DIST 1,327,224,68.50 %
HARRISON WARD 2 DIST 2,608,357,58.72 %
HARRISON WARD 3 DIST 1,997,790,79.24 %
HARRISON WARD 3 DIST 2,620,491,79.19 %
HARRISON WARD 4 DIST 1,680,504,74.12 %
HARRISON WARD 4 DIST 2,583,416,71.36 %
HARRISON WARD 5 DIST 1,506,280,55.34 %
HARRISON WARD 5 DIST 2,800,552,69.00 %
HAYSVILLE,57,42,73.68 %
HEIDELBERG,845,611,72.31 %
HOMESTEAD WARD 1 DIST 1,606,329,54.29 %
HOMESTEAD WARD 1 DIST 2,373,236,63.27 %
HOMESTEAD WARD 2 DIST 1,441,250,56.69 %
HOMESTEAD WARD 2 DIST 2,326,200,61.35 %
HOMESTEAD WARD 3 DIST 1,543,292,53.78 %
HOMESTEAD WARD 3 DIST 2,322,187,58.07 %
INDIANA DIST 1,956,706,73.85 %
INDIANA DIST 2,901,680,75.47 %
INDIANA DIST 3,1209,863,71.38 %
INDIANA DIST 4,1090,847,77.71 %
INDIANA DIST 5,926,733,79.16 %
INGRAM DIST 1,812,596,73.40 %
INGRAM DIST 2,624,430,68.91 %
INGRAM DIST 3,905,689,76.13 %
JEFFERSON HL DIST 1,1537,1238,80.55 %
JEFFERSON HL DIST 2,838,637,76.01 %
JEFFERSON HL DIST 3,645,511,79.22 %
JEFFERSON HL DIST 4,689,456,66.18 %
JEFFERSON HL DIST 5,2049,1534,74.87 %
JEFFERSON HL DIST 6,952,744,78.15 %
JEFFERSON HL DIST 7,366,283,77.32 %
JEFFERSON HL DIST 8,1075,910,84.65 %
KENNEDY DIST 1,1550,1195,77.10 %
KENNEDY DIST 2,860,634,73.72 %
KENNEDY DIST 3,1029,790,76.77 %
KENNEDY DIST 4,432,338,78.24 %
KENNEDY DIST 5,1335,1072,80.30 %
KENNEDY DIST 6,821,638,77.71 %
KENNEDY DIST 7,528,428,81.06 %
KILBUCK,578,467,80.80 %
LEET DIST 1,396,319,80.56 %
LEET DIST 2,737,578,78.43 %
LEETSDALE,876,623,71.12 %
LIBERTY DIST 1,919,675,73.45 %
LIBERTY DIST 2,787,600,76.24 %
LINCOLN,693,533,76.91 %
MARSHALL DIST 1,883,693,78.48 %
MARSHALL DIST 2,1080,833,77.13 %
MARSHALL DIST 3,785,609,77.58 %
MARSHALL DIST 4,1055,845,80.09 %
MARSHALL DIST 5,1274,989,77.63 %
MARSHALL DIST 6,970,769,79.28 %
MCCANDLESS WARD 1 DIST 1,1097,861,78.49 %
MCCANDLESS WARD 1 DIST 2,931,620,66.60 %
MCCANDLESS WARD 1 DIST 3,1240,878,70.81 %
MCCANDLESS WARD 2 DIST 1,1407,1071,76.12 %
MCCANDLESS WARD 2 DIST 2,857,701,81.80 %
MCCANDLESS WARD 2 DIST 3,875,697,79.66 %
MCCANDLESS WARD 3 DIST 1,943,765,81.12 %
MCCANDLESS WARD 3 DIST 2,1071,867,80.95 %
MCCANDLESS WARD 3 DIST 3,1038,852,82.08 %
MCCANDLESS WARD 4 DIST 1,1507,1209,80.23 %
MCCANDLESS WARD 4 DIST 2,921,718,77.96 %
MCCANDLESS WARD 4 DIST 3,731,619,84.68 %
MCCANDLESS WARD 5 DIST 1,816,676,82.84 %
MCCANDLESS WARD 5 DIST 2,1341,969,72.26 %
MCCANDLESS WARD 5 DIST 3,943,751,79.64 %
MCCANDLESS WARD 6 DIST 1,485,394,81.24 %
MCCANDLESS WARD 6 DIST 2,1018,838,82.32 %
MCCANDLESS WARD 6 DIST 3,1763,1353,76.74 %
MCCANDLESS WARD 7 DIST 1,1588,1157,72.86 %
MCCANDLESS WARD 7 DIST 2,973,813,83.56 %
MCCANDLESS WARD 7 DIST 3,514,423,82.30 %
MCDONALD,208,151,72.60 %
MCKEESPORT WARD 1,17,5,29.41 %
MCKEESPORT WARD 2,255,95,37.25 %
MCKEESPORT WARD 3 DIST 1,288,167,57.99 %
MCKEESPORT WARD 3 DIST 2,126,71,56.35 %
MCKEESPORT WARD 4,325,146,44.92 %
MCKEESPORT WARD 5,534,269,50.37 %
MCKEESPORT WARD 6 DIST 1,410,185,45.12 %
MCKEESPORT WARD 6 DIST 2,320,165,51.56 %
MCKEESPORT WARD 7 DIST 1,503,315,62.62 %
MCKEESPORT WARD 7 DIST 2,296,182,61.49 %
MCKEESPORT WARD 7 DIST 3,349,199,57.02 %
MCKEESPORT WARD 7 DIST 4,458,263,57.42 %
MCKEESPORT WARD 7 DIST 5,545,353,64.77 %
MCKEESPORT WARD 7 DIST 6,510,316,61.96 %
MCKEESPORT WARD 7 DIST 7,383,220,57.44 %
MCKEESPORT WARD 8 DIST 1,319,177,55.49 %
MCKEESPORT WARD 8 DIST 2,522,345,66.09 %
MCKEESPORT WARD 8 DIST 3,563,325,57.73 %
MCKEESPORT WARD 8 DIST 4,462,331,71.65 %
MCKEESPORT WARD 8 DIST 5,550,276,50.18 %
MCKEESPORT WARD 8 DIST 6,233,148,63.52 %
MCKEESPORT WARD 9 DIST 1,486,301,61.93 %
MCKEESPORT WARD 9 DIST 2,595,377,63.36 %
MCKEESPORT WARD 9 DIST 3,414,273,65.94 %
MCKEESPORT WARD 10 DIST 1,336,185,55.06 %
MCKEESPORT WARD 10 DIST 2,319,206,64.58 %
MCKEESPORT WARD 11 DIST 1,468,277,59.19 %
MCKEESPORT WARD 11 DIST 2,424,264,62.26 %
MCKEESPORT WARD 11 DIST 3,266,194,72.93 %
MCKEESPORT WARD 12 DIST 1,315,199,63.17 %
MCKEESPORT WARD 12 DIST 2,360,273,75.83 %
MCKEESPORT WARD 12 DIST 3,573,442,77.14 %
MCKEES ROCKS WD 1 DIST 1,262,133,50.76 %
MCKEES ROCKS WD 1 DIST 2,570,320,56.14 %
MCKEES ROCKS WD 2 DIST 1,687,395,57.50 %
MCKEES ROCKS WD 2 DIST 2,661,332,50.23 %
MCKEES ROCKS WD 3 DIST 1,767,479,62.45 %
MCKEES ROCKS WD 3 DIST 2,568,322,56.69 %
MCKEES ROCKS WD 3 DIST 3,557,331,59.43 %
MILLVALE DIST 1,584,349,59.76 %
MILLVALE DIST 2,434,284,65.44 %
MILLVALE DIST 3,461,278,60.30 %
MILLVALE DIST 4,435,287,65.98 %
MILLVALE DIST 5,581,394,67.81 %
MONROEVILLE WARD 1 DIST 1,689,495,71.84 %
MONROEVILLE WARD 1 DIST 2,642,504,78.50 %
MONROEVILLE WARD 1 DIST 3,853,682,79.95 %
MONROEVILLE WARD 1 DIST 4,916,585,63.86 %
MONROEVILLE WARD 2 DIST 1,897,728,81.16 %
MONROEVILLE WARD 2 DIST 2,974,786,80.70 %
MONROEVILLE WARD 2 DIST 3,1088,851,78.22 %
MONROEVILLE WARD 3 DIST 1,1212,899,74.17 %
MONROEVILLE WARD 3 DIST 2,658,518,78.72 %
MONROEVILLE WARD 3 DIST 3,989,809,81.80 %
MONROEVILLE WARD 3 DIST 4,419,340,81.15 %
MONROEVILLE WARD 4 DIST 1,671,510,76.01 %
MONROEVILLE WARD 4 DIST 2,1039,768,73.92 %
MONROEVILLE WARD 4 DIST 3,968,767,79.24 %
MONROEVILLE WARD 5 DIST 1,608,486,79.93 %
MONROEVILLE WARD 5 DIST 2,900,579,64.33 %
MONROEVILLE WARD 5 DIST 3,880,609,69.20 %
MONROEVILLE WARD 5 DIST 4,653,392,60.03 %
MONROEVILLE WARD 6 DIST 1,812,630,77.59 %
MONROEVILLE WARD 6 DIST 2,787,574,72.94 %
MONROEVILLE WARD 6 DIST 3,1084,694,64.02 %
MONROEVILLE WARD 6 DIST 4,371,217,58.49 %
MONROEVILLE WARD 7 DIST 1,1353,1027,75.91 %
MONROEVILLE WARD 7 DIST 2,817,625,76.50 %
MONROEVILLE WARD 7 DIST 3,623,465,74.64 %
MOON DIST 1,1454,939,64.58 %
MOON DIST 2,1789,1347,75.29 %
MOON DIST 3,1421,920,64.74 %
MOON DIST 4,759,567,74.70 %
MOON DIST 5,2374,1802,75.91 %
MOON DIST 6,2166,1654,76.36 %
MOON DIST 7,1522,969,63.67 %
MOON DIST 8,972,750,77.16 %
MOON DIST 9,1899,1246,65.61 %
MOON DIST 10,778,584,75.06 %
MOON DIST 11,1328,1035,77.94 %
MOON DIST 12,979,798,81.51 %
MOON DIST 13,709,555,78.28 %
MT LEBANON WARD 1 DIST 1,817,645,78.95 %
MT LEBANON WARD 1 DIST 2,688,497,72.24 %
MT LEBANON WARD 1 DIST 3,641,508,79.25 %
MT LEBANON WARD 1 DIST 4,779,620,79.59 %
MT LEBANON WARD 1 DIST 5,605,499,82.48 %
MT LEBANON WARD 1 DIST 6,1094,796,72.76 %
MT LEBANON WARD 1 DIST 7,787,606,77.00 %
MT LEBANON WARD 2 DIST 1,958,759,79.23 %
MT LEBANON WARD 2 DIST 2,616,492,79.87 %
MT LEBANON WARD 2 DIST 3,709,539,76.02 %
MT LEBANON WARD 2 DIST 4,535,430,80.37 %
MT LEBANON WARD 2 DIST 5,584,506,86.64 %
MT LEBANON WARD 2 DIST 6,553,456,82.46 %
MT LEBANON WARD 2 DIST 7,626,516,82.43 %
MT LEBANON WARD 2 DIST 8,999,754,75.48 %
MT LEBANON WARD 3 DIST 1,647,517,79.91 %
MT LEBANON WARD 3 DIST 2,852,686,80.52 %
MT LEBANON WARD 3 DIST 3,682,529,77.57 %
MT LEBANON WARD 3 DIST 4,757,539,71.20 %
MT LEBANON WARD 3 DIST 5,704,557,79.12 %
MT LEBANON WARD 3 DIST 6,454,360,79.30 %
MT LEBANON WARD 3 DIST 7,827,644,77.87 %
MT LEBANON WARD 3 DIST 8,325,252,77.54 %
MT LEBANON WARD 4 DIST 1,776,566,72.94 %
MT LEBANON WARD 4 DIST 2,868,662,76.27 %
MT LEBANON WARD 4 DIST 3,741,534,72.06 %
MT LEBANON WARD 4 DIST 4,673,541,80.39 %
MT LEBANON WARD 4 DIST 5,611,506,82.82 %
MT LEBANON WARD 4 DIST 6,660,556,84.24 %
MT LEBANON WARD 4 DIST 7,809,587,72.56 %
MT LEBANON WARD 5 DIST 1,629,471,74.88 %
MT LEBANON WARD 5 DIST 2,450,287,63.78 %
MT LEBANON WARD 5 DIST 3,615,469,76.26 %
MT LEBANON WARD 5 DIST 4,574,463,80.66 %
MT LEBANON WARD 5 DIST 5,628,509,81.05 %
MT LEBANON WARD 5 DIST 6,462,378,81.82 %
MT LEBANON WARD 5 DIST 7,780,610,78.21 %
MT LEBANON WARD 5 DIST 8,1012,709,70.06 %
MT OLIVER DIST 1,716,368,51.40 %
MT OLIVER DIST 2,765,463,60.52 %
MT OLIVER DIST 3,506,309,61.07 %
MT OLIVER DIST 4,335,232,69.25 %
MUNHALL DIST 1,496,289,58.27 %
MUNHALL DIST 2,493,276,55.98 %
MUNHALL DIST 3,520,336,64.62 %
MUNHALL DIST 4,427,282,66.04 %
MUNHALL DIST 5,721,497,68.93 %
MUNHALL DIST 6,708,523,73.87 %
MUNHALL DIST 7,1150,860,74.78 %
MUNHALL DIST 8,618,500,80.91 %
MUNHALL DIST 9,694,509,73.34 %
MUNHALL DIST 10,528,364,68.94 %
MUNHALL DIST 11,937,734,78.34 %
MUNHALL DIST 12,579,454,78.41 %
NEVILLE WARD 1,279,184,65.95 %
NEVILLE WARD 2,234,133,56.84 %
NEVILLE WARD 3,273,209,76.56 %
N BRADDOCK WARD 1 DIST 1,220,167,75.91 %
N BRADDOCK WARD 1 DIST 2,517,342,66.15 %
N BRADDOCK WARD 1 DIST 3,566,337,59.54 %
N BRADDOCK WARD 2 DIST 1,450,269,59.78 %
N BRADDOCK WARD 2 DIST 2,615,395,64.23 %
N BRADDOCK WARD 3 DIST 1,376,235,62.50 %
N BRADDOCK WARD 3 DIST 2,525,339,64.57 %
N FAYETTE DIST 1,1994,1454,72.92 %
N FAYETTE DIST 2,2266,1533,67.65 %
N FAYETTE DIST 3,2434,1552,63.76 %
N FAYETTE DIST 4,1067,701,65.70 %
N FAYETTE DIST 5,2330,1635,70.17 %
N VERSAILLES WD 1 DIST 1,682,474,69.50 %
N VERSAILLES WD 1 DIST 2,674,524,77.74 %
N VERSAILLES WD 2 DIST 1,640,475,74.22 %
N VERSAILLES WD 2 DIST 2,215,150,69.77 %
N VERSAILLES WD 3 DIST 1,495,385,77.78 %
N VERSAILLES WD 3 DIST 2,621,428,68.92 %
N VERSAILLES WD 4 DIST 1,468,340,72.65 %
N VERSAILLES WD 4 DIST 2,403,303,75.19 %
N VERSAILLES WD 5 DIST 1,545,323,59.27 %
N VERSAILLES WD 5 DIST 2,430,234,54.42 %
N VERSAILLES WD 6 DIST 1,633,485,76.62 %
N VERSAILLES WD 6 DIST 2,537,399,74.30 %
N VERSAILLES WARD 7,703,453,64.44 %
OAKDALE DIST 1,584,444,76.03 %
OAKDALE DIST 2,438,343,78.31 %
OAKMONT DIST 1,935,711,76.04 %
OAKMONT DIST 2,1074,812,75.61 %
OAKMONT DIST 3,738,561,76.02 %
OAKMONT DIST 4,865,651,75.26 %
OAKMONT DIST 5,722,533,73.82 %
OAKMONT DIST 6,1022,770,75.34 %
OHARA WARD 1 DIST 1,1031,732,71.00 %
OHARA WARD 1 DIST 2,641,492,76.76 %
OHARA WARD 2 DIST 1,596,470,78.86 %
OHARA WARD 2 DIST 2,901,705,78.25 %
OHARA WARD 3 DIST 1,677,540,79.76 %
OHARA WARD 3 DIST 2,578,454,78.55 %
OHARA WARD 4 DIST 1,535,411,76.82 %
OHARA WARD 4 DIST 2,763,626,82.04 %
OHARA WARD 5 DIST 1,736,578,78.53 %
OHARA WARD 5 DIST 2,866,681,78.64 %
OHIO DIST 1,1347,1075,79.81 %
OHIO DIST 2,1437,1179,82.05 %
OHIO DIST 3,1741,1313,75.42 %
GLEN OSBORNE,437,347,79.41 %
PENN HILLS WARD 1 DIST 1,767,535,69.75 %
PENN HILLS WARD 1 DIST 2,745,541,72.62 %
PENN HILLS WARD 1 DIST 3,545,351,64.40 %
PENN HILLS WARD 1 DIST 4,347,217,62.54 %
PENN HILLS WARD 1 DIST 5,263,176,66.92 %
PENN HILLS WARD 2 DIST 1,802,540,67.33 %
PENN HILLS WARD 2 DIST 2,751,519,69.11 %
PENN HILLS WARD 2 DIST 3,888,647,72.86 %
PENN HILLS WARD 2 DIST 4,598,463,77.42 %
PENN HILLS WARD 3 DIST 1,796,542,68.09 %
PENN HILLS WARD 3 DIST 2,503,352,69.98 %
PENN HILLS WARD 3 DIST 3,636,461,72.48 %
PENN HILLS WARD 3 DIST 4,802,583,72.69 %
PENN HILLS WARD 3 DIST 5,469,286,60.98 %
PENN HILLS WARD 3 DIST 6,449,343,76.39 %
PENN HILLS WARD 4 DIST 1,547,391,71.48 %
PENN HILLS WARD 4 DIST 2,746,521,69.84 %
PENN HILLS WARD 4 DIST 3,749,539,71.96 %
PENN HILLS WARD 4 DIST 4,583,430,73.76 %
PENN HILLS WARD 4 DIST 5,588,419,71.26 %
PENN HILLS WARD 5 DIST 1,718,510,71.03 %
PENN HILLS WARD 5 DIST 2,614,406,66.12 %
PENN HILLS WARD 5 DIST 3,683,536,78.48 %
PENN HILLS WARD 5 DIST 4,632,486,76.90 %
PENN HILLS WARD 5 DIST 5,508,374,73.62 %
PENN HILLS WARD 5 DIST 6,741,529,71.39 %
PENN HILLS WARD 6 DIST 1,562,371,66.01 %
PENN HILLS WARD 6 DIST 2,640,447,69.84 %
PENN HILLS WARD 6 DIST 3,539,419,77.74 %
PENN HILLS WARD 6 DIST 4,603,426,70.65 %
PENN HILLS WARD 6 DIST 5,571,419,73.38 %
PENN HILLS WARD 6 DIST 6,588,447,76.02 %
PENN HILLS WARD 7 DIST 1,670,515,76.87 %
PENN HILLS WARD 7 DIST 2,641,412,64.27 %
PENN HILLS WARD 7 DIST 3,894,641,71.70 %
PENN HILLS WARD 7 DIST 4,614,456,74.27 %
PENN HILLS WARD 7 DIST 5,684,498,72.81 %
PENN HILLS WARD 7 DIST 6,770,547,71.04 %
PENN HILLS WARD 7 DIST 7,734,475,64.71 %
PENN HILLS WARD 8 DIST 1,624,492,78.85 %
PENN HILLS WARD 8 DIST 2,553,416,75.23 %
PENN HILLS WARD 8 DIST 3,552,405,73.37 %
PENN HILLS WARD 8 DIST 4,631,500,79.24 %
PENN HILLS WARD 8 DIST 5,927,664,71.63 %
PENN HILLS WARD 8 DIST 6,462,383,82.90 %
PENN HILLS WARD 9 DIST 1,512,417,81.45 %
PENN HILLS WARD 9 DIST 2,550,403,73.27 %
PENN HILLS WARD 9 DIST 3,804,608,75.62 %
PENN HILLS WARD 9 DIST 4,602,471,78.24 %
PENN HILLS WARD 9 DIST 5,322,222,68.94 %
PINE DIST 1,1173,923,78.69 %
PINE DIST 2,1687,1272,75.40 %
PINE DIST 3,438,350,79.91 %
PINE DIST 4,1198,918,76.63 %
PINE DIST 5,1638,1245,76.01 %
PINE DIST 6,538,435,80.86 %
PINE DIST 7,1403,1015,72.34 %
PINE DIST 8,1102,828,75.14 %
PITCAIRN DIST 1,922,579,62.80 %
PITCAIRN DIST 2,520,304,58.46 %
PITCAIRN DIST 3,655,479,73.13 %
PITTSBURGH WARD 1 DIST 1,3863,1638,42.40 %
PITTSBURGH WARD 1 DIST 2,665,328,49.32 %
PITTSBURGH WARD 2 DIST 1,1858,1238,66.63 %
PITTSBURGH WARD 2 DIST 2,900,583,64.78 %
PITTSBURGH WARD 3 DIST 1,259,165,63.71 %
PITTSBURGH WARD 3 DIST 2,677,462,68.24 %
PITTSBURGH WARD 3 DIST 3,364,244,67.03 %
PITTSBURGH WARD 3 DIST 4,574,273,47.56 %
PITTSBURGH WARD 3 DIST 5,458,268,58.52 %
PITTSBURGH WARD 4 DIST 1,354,176,49.72 %
PITTSBURGH WARD 4 DIST 2,837,468,55.91 %
PITTSBURGH WARD 4 DIST 3,383,226,59.01 %
PITTSBURGH WARD 4 DIST 4,263,152,57.79 %
PITTSBURGH WARD 4 DIST 5,1185,650,54.85 %
PITTSBURGH WARD 4 DIST 6,819,496,60.56 %
PITTSBURGH WARD 4 DIST 7,3221,1714,53.21 %
PITTSBURGH WARD 4 DIST 8,4797,1955,40.75 %
PITTSBURGH WARD 4 DIST 9,657,406,61.80 %
PITTSBURGH WARD 4 DIST 10,597,304,50.92 %
PITTSBURGH WARD 4 DIST 11,556,412,74.10 %
PITTSBURGH WARD 4 DIST 12,678,420,61.95 %
PITTSBURGH WARD 4 DIST 13,903,455,50.39 %
PITTSBURGH WARD 4 DIST 14,1739,982,56.47 %
PITTSBURGH WARD 4 DIST 15,1115,656,58.83 %
PITTSBURGH WARD 4 DIST 16,1576,898,56.98 %
PITTSBURGH WARD 4 DIST 17,663,454,68.48 %
PITTSBURGH WARD 4 DIST 18,505,363,71.88 %
PITTSBURGH WARD 4 DIST 19,294,153,52.04 %
PITTSBURGH WARD 5 DIST 1,264,181,68.56 %
PITTSBURGH WARD 5 DIST 2,348,228,65.52 %
PITTSBURGH WARD 5 DIST 3,161,106,65.84 %
PITTSBURGH WARD 5 DIST 4,310,70,22.58 %
PITTSBURGH WARD 5 DIST 5,249,157,63.05 %
PITTSBURGH WARD 5 DIST 6,581,324,55.77 %
PITTSBURGH WARD 5 DIST 7,452,294,65.04 %
PITTSBURGH WARD 5 DIST 8,445,295,66.29 %
PITTSBURGH WARD 5 DIST 9,1134,640,56.44 %
PITTSBURGH WARD 5 DIST 10,467,298,63.81 %
PITTSBURGH WARD 5 DIST 11,387,227,58.66 %
PITTSBURGH WARD 5 DIST 12,436,290,66.51 %
PITTSBURGH WARD 5 DIST 13,273,170,62.27 %
PITTSBURGH WARD 5 DIST 14,279,155,55.56 %
PITTSBURGH WARD 5 DIST 15,232,153,65.95 %
PITTSBURGH WARD 5 DIST 16,179,52,29.05 %
PITTSBURGH WARD 5 DIST 17,256,158,61.72 %
PITTSBURGH WARD 5 DIST 18,53,33,62.26 %
PITTSBURGH WARD 6 DIST 1,873,553,63.34 %
PITTSBURGH WARD 6 DIST 2,625,397,63.52 %
PITTSBURGH WARD 6 DIST 3,794,508,63.98 %
PITTSBURGH WARD 6 DIST 4,593,414,69.81 %
PITTSBURGH WARD 6 DIST 5,467,324,69.38 %
PITTSBURGH WARD 7 DIST 1,676,400,59.17 %
PITTSBURGH WARD 7 DIST 2,1030,706,68.54 %
PITTSBURGH WARD 7 DIST 3,771,431,55.90 %
PITTSBURGH WARD 7 DIST 4,1098,661,60.20 %
PITTSBURGH WARD 7 DIST 5,727,436,59.97 %
PITTSBURGH WARD 7 DIST 6,687,420,61.14 %
PITTSBURGH WARD 7 DIST 7,771,434,56.29 %
PITTSBURGH WARD 7 DIST 8,725,436,60.14 %
PITTSBURGH WARD 7 DIST 9,800,518,64.75 %
PITTSBURGH WARD 7 DIST 10,1035,692,66.86 %
PITTSBURGH WARD 7 DIST 11,1055,686,65.02 %
PITTSBURGH WARD 7 DIST 12,910,610,67.03 %
PITTSBURGH WARD 7 DIST 13,550,283,51.45 %
PITTSBURGH WARD 7 DIST 14,485,300,61.86 %
PITTSBURGH WARD 8 DIST 1,357,248,69.47 %
PITTSBURGH WARD 8 DIST 2,667,471,70.61 %
PITTSBURGH WARD 8 DIST 3,853,537,62.95 %
PITTSBURGH WARD 8 DIST 4,768,535,69.66 %
PITTSBURGH WARD 8 DIST 5,595,419,70.42 %
PITTSBURGH WARD 8 DIST 6,430,277,64.42 %
PITTSBURGH WARD 8 DIST 7,802,563,70.20 %
PITTSBURGH WARD 8 DIST 8,632,458,72.47 %
PITTSBURGH WARD 8 DIST 9,733,460,62.76 %
PITTSBURGH WARD 8 DIST 10,664,468,70.48 %
PITTSBURGH WARD 8 DIST 11,615,400,65.04 %
PITTSBURGH WARD 8 DIST 12,636,408,64.15 %
PITTSBURGH WARD 8 DIST 13,614,388,63.19 %
PITTSBURGH WARD 9 DIST 1,485,307,63.30 %
PITTSBURGH WARD 9 DIST 2,631,431,68.30 %
PITTSBURGH WARD 9 DIST 3,601,415,69.05 %
PITTSBURGH WARD 9 DIST 4,590,399,67.63 %
PITTSBURGH WARD 9 DIST 5,695,476,68.49 %
PITTSBURGH WARD 9 DIST 6,583,419,71.87 %
PITTSBURGH WARD 9 DIST 7,449,312,69.49 %
PITTSBURGH WARD 9 DIST 8,711,501,70.46 %
PITTSBURGH WARD 9 DIST 9,650,414,63.69 %
PITTSBURGH WARD 10 DIST 1,538,340,63.20 %
PITTSBURGH WARD 10 DIST 2,627,424,67.62 %
PITTSBURGH WARD 10 DIST 3,669,476,71.15 %
PITTSBURGH WARD 10 DIST 4,540,435,80.56 %
PITTSBURGH WARD 10 DIST 5,510,385,75.49 %
PITTSBURGH WARD 10 DIST 6,520,368,70.77 %
PITTSBURGH WARD 10 DIST 7,585,424,72.48 %
PITTSBURGH WARD 10 DIST 8,588,438,74.49 %
PITTSBURGH WARD 10 DIST 9,541,397,73.38 %
PITTSBURGH WRD 10 DIST 10,597,496,83.08 %
PITTSBURGH WRD 10 DIST 11,617,447,72.45 %
PITTSBURGH WRD 10 DIST 12,563,394,69.98 %
PITTSBURGH WRD 10 DIST 13,542,419,77.31 %
PITTSBURGH WRD 10 DIST 14,546,424,77.66 %
PITTSBURGH WRD 10 DIST 15,362,257,70.99 %
PITTSBURGH WRD 10 DIST 16,339,209,61.65 %
PITTSBURGH WRD 10 DIST 17,543,367,67.59 %
PITTSBURGH WRD 10 DIST 18,559,355,63.51 %
PITTSBURGH WRD 10 DIST 19,483,327,67.70 %
PITTSBURGH WARD 11 DIST 1,607,446,73.48 %
PITTSBURGH WARD 11 DIST 2,582,398,68.38 %
PITTSBURGH WARD 11 DIST 3,465,307,66.02 %
PITTSBURGH WARD 11 DIST 4,547,339,61.97 %
PITTSBURGH WARD 11 DIST 5,591,375,63.45 %
PITTSBURGH WARD 11 DIST 6,881,591,67.08 %
PITTSBURGH WARD 11 DIST 7,653,491,75.19 %
PITTSBURGH WARD 11 DIST 8,600,409,68.17 %
PITTSBURGH WARD 11 DIST 9,637,502,78.81 %
PITTSBURGH WRD 11 DIST 10,581,467,80.38 %
PITTSBURGH WRD 11 DIST 11,696,495,71.12 %
PITTSBURGH WRD 11 DIST 12,661,490,74.13 %
PITTSBURGH WRD 11 DIST 13,672,503,74.85 %
PITTSBURGH WRD 11 DIST 14,579,367,63.39 %
PITTSBURGH WRD 11 DIST 15,325,155,47.69 %
PITTSBURGH WRD 11 DIST 16,603,373,61.86 %
PITTSBURGH WRD 11 DIST 17,672,435,64.73 %
PITTSBURGH WRD 11 DIST 18,572,336,58.74 %
PITTSBURGH WARD 12 DIST 1,236,136,57.63 %
PITTSBURGH WARD 12 DIST 2,335,228,68.06 %
PITTSBURGH WARD 12 DIST 3,118,77,65.25 %
PITTSBURGH WARD 12 DIST 4,342,222,64.91 %
PITTSBURGH WARD 12 DIST 5,176,98,55.68 %
PITTSBURGH WARD 12 DIST 6,245,152,62.04 %
PITTSBURGH WARD 12 DIST 7,298,176,59.06 %
PITTSBURGH WARD 12 DIST 8,227,145,63.88 %
PITTSBURGH WARD 12 DIST 9,350,189,54.00 %
PITTSBURGH WRD 12 DIST 10,455,290,63.74 %
PITTSBURGH WRD 12 DIST 11,473,320,67.65 %
PITTSBURGH WRD 12 DIST 12,765,352,46.01 %
PITTSBURGH WRD 12 DIST 13,427,267,62.53 %
PITTSBURGH WRD 12 DIST 14,357,219,61.34 %
PITTSBURGH WRD 12 DIST 15,555,407,73.33 %
PITTSBURGH WRD 12 DIST 16,399,259,64.91 %
PITTSBURGH WARD 13 DIST 1,311,216,69.45 %
PITTSBURGH WARD 13 DIST 2,410,263,64.15 %
PITTSBURGH WARD 13 DIST 3,344,228,66.28 %
PITTSBURGH WARD 13 DIST 4,312,175,56.09 %
PITTSBURGH WARD 13 DIST 5,346,200,57.80 %
PITTSBURGH WARD 13 DIST 6,362,217,59.94 %
PITTSBURGH WARD 13 DIST 7,387,233,60.21 %
PITTSBURGH WARD 13 DIST 8,262,161,61.45 %
PITTSBURGH WARD 13 DIST 9,325,196,60.31 %
PITTSBURGH WRD 13 DIST 10,223,143,64.13 %
PITTSBURGH WRD 13 DIST 11,435,231,53.10 %
PITTSBURGH WRD 13 DIST 12,449,302,67.26 %
PITTSBURGH WRD 13 DIST 13,295,192,65.08 %
PITTSBURGH WRD 13 DIST 14,284,149,52.46 %
PITTSBURGH WRD 13 DIST 15,344,220,63.95 %
PITTSBURGH WRD 13 DIST 16,346,211,60.98 %
PITTSBURGH WRD 13 DIST 17,874,502,57.44 %
PITTSBURGH WRD 13 DIST 18,233,122,52.36 %
PITTSBURGH WRD 13 DIST 19,483,357,73.91 %
PITTSBURGH WARD 14 DIST 1,716,401,56.01 %
PITTSBURGH WARD 14 DIST 2,1469,600,40.84 %
PITTSBURGH WARD 14 DIST 3,876,615,70.21 %
PITTSBURGH WARD 14 DIST 4,758,561,74.01 %
PITTSBURGH WARD 14 DIST 5,805,600,74.53 %
PITTSBURGH WARD 14 DIST 6,749,407,54.34 %
PITTSBURGH WARD 14 DIST 7,3677,1555,42.29 %
PITTSBURGH WARD 14 DIST 8,762,510,66.93 %
PITTSBURGH WARD 14 DIST 9,794,633,79.72 %
PITTSBURGH WRD 14 DIST 10,701,528,75.32 %
PITTSBURGH WRD 14 DIST 11,795,614,77.23 %
PITTSBURGH WRD 14 DIST 12,775,529,68.26 %
PITTSBURGH WRD 14 DIST 13,766,574,74.93 %
PITTSBURGH WRD 14 DIST 14,881,632,71.74 %
PITTSBURGH WRD 14 DIST 15,778,550,70.69 %
PITTSBURGH WRD 14 DIST 16,511,387,75.73 %
PITTSBURGH WRD 14 DIST 17,460,389,84.57 %
PITTSBURGH WRD 14 DIST 18,763,572,74.97 %
PITTSBURGH WRD 14 DIST 19,617,498,80.71 %
PITTSBURGH WRD 14 DIST 20,667,473,70.91 %
PITTSBURGH WRD 14 DIST 21,579,433,74.78 %
PITTSBURGH WRD 14 DIST 22,705,535,75.89 %
PITTSBURGH WRD 14 DIST 23,720,518,71.94 %
PITTSBURGH WRD 14 DIST 24,560,399,71.25 %
PITTSBURGH WRD 14 DIST 25,946,713,75.37 %
PITTSBURGH WRD 14 DIST 26,617,478,77.47 %
PITTSBURGH WRD 14 DIST 27,535,444,82.99 %
PITTSBURGH WRD 14 DIST 28,530,427,80.57 %
PITTSBURGH WRD 14 DIST 29,781,582,74.52 %
PITTSBURGH WRD 14 DIST 30,692,532,76.88 %
PITTSBURGH WRD 14 DIST 31,1049,846,80.65 %
PITTSBURGH WRD 14 DIST 32,769,482,62.68 %
PITTSBURGH WRD 14 DIST 33,807,524,64.93 %
PITTSBURGH WRD 14 DIST 34,854,536,62.76 %
PITTSBURGH WRD 14 DIST 35,621,407,65.54 %
PITTSBURGH WRD 14 DIST 36,866,569,65.70 %
PITTSBURGH WRD 14 DIST 37,655,425,64.89 %
PITTSBURGH WRD 14 DIST 38,583,383,65.69 %
PITTSBURGH WRD 14 DIST 39,575,403,70.09 %
PITTSBURGH WRD 14 DIST 40,528,335,63.45 %
PITTSBURGH WRD 14 DIST 41,93,51,54.84 %
PITTSBURGH WARD 15 DIST 1,636,404,63.52 %
PITTSBURGH WARD 15 DIST 2,731,532,72.78 %
PITTSBURGH WARD 15 DIST 3,613,424,69.17 %
PITTSBURGH WARD 15 DIST 4,628,468,74.52 %
PITTSBURGH WARD 15 DIST 5,543,376,69.24 %
PITTSBURGH WARD 15 DIST 6,549,408,74.32 %
PITTSBURGH WARD 15 DIST 7,684,516,75.44 %
PITTSBURGH WARD 15 DIST 8,636,448,70.44 %
PITTSBURGH WARD 15 DIST 9,175,116,66.29 %
PITTSBURGH WRD 15 DIST 10,623,469,75.28 %
PITTSBURGH WRD 15 DIST 11,582,415,71.31 %
PITTSBURGH WRD 15 DIST 12,484,343,70.87 %
PITTSBURGH WRD 15 DIST 13,452,271,59.96 %
PITTSBURGH WRD 15 DIST 14,338,188,55.62 %
PITTSBURGH WRD 15 DIST 15,378,217,57.41 %
PITTSBURGH WRD 15 DIST 16,559,386,69.05 %
PITTSBURGH WRD 15 DIST 17,35,22,62.86 %
PITTSBURGH WRD 15 DIST 18,571,357,62.52 %
PITTSBURGH WRD 15 DIST 19,515,277,53.79 %
PITTSBURGH WARD 16 DIST 1,810,469,57.90 %
PITTSBURGH WARD 16 DIST 2,1131,683,60.39 %
PITTSBURGH WARD 16 DIST 3,829,528,63.69 %
PITTSBURGH WARD 16 DIST 4,429,261,60.84 %
PITTSBURGH WARD 16 DIST 5,580,381,65.69 %
PITTSBURGH WARD 16 DIST 6,472,349,73.94 %
PITTSBURGH WARD 16 DIST 7,416,248,59.62 %
PITTSBURGH WARD 16 DIST 8,191,108,56.54 %
PITTSBURGH WARD 16 DIST 9,536,322,60.07 %
PITTSBURGH WRD 16 DIST 10,399,243,60.90 %
PITTSBURGH WRD 16 DIST 11,392,259,66.07 %
PITTSBURGH WARD 17 DIST 1,191,82,42.93 %
PITTSBURGH WARD 17 DIST 2,849,529,62.31 %
PITTSBURGH WARD 17 DIST 3,659,417,63.28 %
PITTSBURGH WARD 17 DIST 4,784,533,67.98 %
PITTSBURGH WARD 17 DIST 5,586,385,65.70 %
PITTSBURGH WARD 17 DIST 6,474,286,60.34 %
PITTSBURGH WARD 17 DIST 7,415,265,63.86 %
PITTSBURGH WARD 17 DIST 8,450,265,58.89 %
PITTSBURGH WARD 18 DIST 1,585,441,75.38 %
PITTSBURGH WARD 18 DIST 2,447,287,64.21 %
PITTSBURGH WARD 18 DIST 3,386,249,64.51 %
PITTSBURGH WARD 18 DIST 4,471,275,58.39 %
PITTSBURGH WARD 18 DIST 5,946,645,68.18 %
PITTSBURGH WARD 18 DIST 6,383,215,56.14 %
PITTSBURGH WARD 18 DIST 7,436,284,65.14 %
PITTSBURGH WARD 18 DIST 8,255,143,56.08 %
PITTSBURGH WARD 18 DIST 9,692,380,54.91 %
PITTSBURGH WRD 18 DIST 10,84,54,64.29 %
PITTSBURGH WRD 18 DIST 11,599,356,59.43 %
PITTSBURGH WARD 19 DIST 1,548,399,72.81 %
PITTSBURGH WARD 19 DIST 2,678,450,66.37 %
PITTSBURGH WARD 19 DIST 3,547,405,74.04 %
PITTSBURGH WARD 19 DIST 4,409,287,70.17 %
PITTSBURGH WARD 19 DIST 5,431,305,70.77 %
PITTSBURGH WARD 19 DIST 6,511,354,69.28 %
PITTSBURGH WARD 19 DIST 7,234,160,68.38 %
PITTSBURGH WARD 19 DIST 8,576,372,64.58 %
PITTSBURGH WARD 19 DIST 9,552,354,64.13 %
PITTSBURGH WRD 19 DIST 10,681,418,61.38 %
PITTSBURGH WRD 19 DIST 11,487,283,58.11 %
PITTSBURGH WRD 19 DIST 12,435,330,75.86 %
PITTSBURGH WRD 19 DIST 13,477,293,61.43 %
PITTSBURGH WRD 19 DIST 14,572,359,62.76 %
PITTSBURGH WRD 19 DIST 15,628,440,70.06 %
PITTSBURGH WRD 19 DIST 16,575,401,69.74 %
PITTSBURGH WRD 19 DIST 17,582,401,68.90 %
PITTSBURGH WRD 19 DIST 18,485,324,66.80 %
PITTSBURGH WRD 19 DIST 19,528,359,67.99 %
PITTSBURGH WRD 19 DIST 20,514,371,72.18 %
PITTSBURGH WRD 19 DIST 21,629,419,66.61 %
PITTSBURGH WRD 19 DIST 22,549,409,74.50 %
PITTSBURGH WRD 19 DIST 23,626,411,65.65 %
PITTSBURGH WRD 19 DIST 24,516,362,70.16 %
PITTSBURGH WRD 19 DIST 25,536,397,74.07 %
PITTSBURGH WRD 19 DIST 26,478,337,70.50 %
PITTSBURGH WRD 19 DIST 27,464,318,68.53 %
PITTSBURGH WRD 19 DIST 28,646,527,81.58 %
PITTSBURGH WRD 19 DIST 29,512,366,71.48 %
PITTSBURGH WRD 19 DIST 30,536,392,73.13 %
PITTSBURGH WRD 19 DIST 31,504,365,72.42 %
PITTSBURGH WRD 19 DIST 32,518,373,72.01 %
PITTSBURGH WRD 19 DIST 33,464,333,71.77 %
PITTSBURGH WRD 19 DIST 34,511,375,73.39 %
PITTSBURGH WRD 19 DIST 35,504,361,71.63 %
PITTSBURGH WRD 19 DIST 36,656,482,73.48 %
PITTSBURGH WRD 19 DIST 37,450,331,73.56 %
PITTSBURGH WRD 19 DIST 38,506,344,67.98 %
PITTSBURGH WARD 20 DIST 1,625,452,72.32 %
PITTSBURGH WARD 20 DIST 2,225,151,67.11 %
PITTSBURGH WARD 20 DIST 3,708,499,70.48 %
PITTSBURGH WARD 20 DIST 4,59,39,66.10 %
PITTSBURGH WARD 20 DIST 5,578,357,61.76 %
PITTSBURGH WARD 20 DIST 6,553,320,57.87 %
PITTSBURGH WARD 20 DIST 7,680,420,61.76 %
PITTSBURGH WARD 20 DIST 8,735,490,66.67 %
PITTSBURGH WARD 20 DIST 9,206,123,59.71 %
PITTSBURGH WRD 20 DIST 10,643,368,57.23 %
PITTSBURGH WRD 20 DIST 11,696,451,64.80 %
PITTSBURGH WRD 20 DIST 12,934,613,65.63 %
PITTSBURGH WRD 20 DIST 13,471,319,67.73 %
PITTSBURGH WRD 20 DIST 14,864,562,65.05 %
PITTSBURGH WRD 20 DIST 15,909,549,60.40 %
PITTSBURGH WRD 20 DIST 16,654,484,74.01 %
PITTSBURGH WRD 20 DIST 17,436,347,79.59 %
PITTSBURGH WRD 20 DIST 18,514,382,74.32 %
PITTSBURGH WRD 21 DIST 1,485,283,58.35 %
PITTSBURGH WARD 21 DIST 2,476,311,65.34 %
PITTSBURGH WARD 21 DIST 3,674,462,68.55 %
PITTSBURGH WARD 21 DIST 4,620,400,64.52 %
PITTSBURGH WARD 22 DIST 1,713,496,69.57 %
PITTSBURGH WARD 22 DIST 2,672,467,69.49 %
PITTSBURGH WARD 22 DIST 3,682,442,64.81 %
PITTSBURGH WARD 22 DIST 4,807,472,58.49 %
PITTSBURGH WARD 23 DIST 1,1156,673,58.22 %
PITTSBURGH WARD 23 DIST 2,830,482,58.07 %
PITTSBURGH WARD 23 DIST 3,393,201,51.15 %
PITTSBURGH WARD 24 DIST 1,433,261,60.28 %
PITTSBURGH WARD 24 DIST 2,435,282,64.83 %
PITTSBURGH WARD 24 DIST 3,374,238,63.64 %
PITTSBURGH WARD 24 DIST 4,610,408,66.89 %
PITTSBURGH WARD 24 DIST 5,521,301,57.77 %
PITTSBURGH WARD 24 DIST 6,556,354,63.67 %
PITTSBURGH WARD 25 DIST 1,490,316,64.49 %
PITTSBURGH WARD 25 DIST 2,408,247,60.54 %
PITTSBURGH WARD 25 DIST 3,558,398,71.33 %
PITTSBURGH WARD 25 DIST 4,355,190,53.52 %
PITTSBURGH WARD 25 DIST 5,374,221,59.09 %
PITTSBURGH WARD 25 DIST 6,395,232,58.73 %
PITTSBURGH WARD 25 DIST 7,435,297,68.28 %
PITTSBURGH WARD 26 DIST 1,543,337,62.06 %
PITTSBURGH WARD 26 DIST 2,457,259,56.67 %
PITTSBURGH WARD 26 DIST 3,456,288,63.16 %
PITTSBURGH WARD 26 DIST 4,436,259,59.40 %
PITTSBURGH WARD 26 DIST 5,494,266,53.85 %
PITTSBURGH WARD 26 DIST 6,406,236,58.13 %
PITTSBURGH WARD 26 DIST 7,328,202,61.59 %
PITTSBURGH WARD 26 DIST 8,642,289,45.02 %
PITTSBURGH WARD 26 DIST 9,357,264,73.95 %
PITTSBURGH WRD 26 DIST 10,662,442,66.77 %
PITTSBURGH WRD 26 DIST 11,747,494,66.13 %
PITTSBURGH WRD 26 DIST 12,519,337,64.93 %
PITTSBURGH WRD 26 DIST 13,568,381,67.08 %
PITTSBURGH WRD 26 DIST 14,604,467,77.32 %
PITTSBURGH WRD 26 DIST 15,502,368,73.31 %
PITTSBURGH WRD 26 DIST 16,710,472,66.48 %
PITTSBURGH WRD 26 DIST 17,212,128,60.38 %
PITTSBURGH WARD 27 DIST 1,776,581,74.87 %
PITTSBURGH WARD 27 DIST 2,671,496,73.92 %
PITTSBURGH WARD 27 DIST 3,579,411,70.98 %
PITTSBURGH WARD 27 DIST 4,743,505,67.97 %
PITTSBURGH WARD 27 DIST 5,708,508,71.75 %
PITTSBURGH WARD 27 DIST 6,756,473,62.57 %
PITTSBURGH WARD 27 DIST 7,610,446,73.11 %
PITTSBURGH WARD 27 DIST 8,598,426,71.24 %
PITTSBURGH WARD 27 DIST 9,605,358,59.17 %
PITTSBURGH WRD 27 DIST 10,639,393,61.50 %
PITTSBURGH WRD 27 DIST 11,641,400,62.40 %
PITTSBURGH WRD 27 DIST 12,545,321,58.90 %
PITTSBURGH WRD 27 DIST 13,568,356,62.68 %
PITTSBURGH WARD 28 DIST 1,685,478,69.78 %
PITTSBURGH WARD 28 DIST 2,537,343,63.87 %
PITTSBURGH WARD 28 DIST 3,851,637,74.85 %
PITTSBURGH WARD 28 DIST 4,655,481,73.44 %
PITTSBURGH WARD 28 DIST 5,672,481,71.58 %
PITTSBURGH WARD 28 DIST 6,589,420,71.31 %
PITTSBURGH WARD 28 DIST 7,681,362,53.16 %
PITTSBURGH WARD 28 DIST 8,846,635,75.06 %
PITTSBURGH WARD 28 DIST 9,607,407,67.05 %
PITTSBURGH WRD 28 DIST 10,517,318,61.51 %
PITTSBURGH WRD 28 DIST 11,144,85,59.03 %
PITTSBURGH WARD 29 DIST 1,605,393,64.96 %
PITTSBURGH WARD 29 DIST 2,542,383,70.66 %
PITTSBURGH WARD 29 DIST 3,484,314,64.88 %
PITTSBURGH WARD 29 DIST 4,550,352,64.00 %
PITTSBURGH WARD 29 DIST 5,556,344,61.87 %
PITTSBURGH WARD 29 DIST 6,593,402,67.79 %
PITTSBURGH WARD 29 DIST 7,603,419,69.49 %
PITTSBURGH WARD 29 DIST 8,534,329,61.61 %
PITTSBURGH WARD 29 DIST 9,464,276,59.48 %
PITTSBURGH WRD 29 DIST 10,523,363,69.41 %
PITTSBURGH WRD 29 DIST 11,631,428,67.83 %
PITTSBURGH WRD 29 DIST 12,549,339,61.75 %
PITTSBURGH WARD 30 DIST 1,416,250,60.10 %
PITTSBURGH WARD 30 DIST 2,415,286,68.92 %
PITTSBURGH WARD 30 DIST 3,402,222,55.22 %
PITTSBURGH WARD 30 DIST 4,625,382,61.12 %
PITTSBURGH WARD 30 DIST 5,678,422,62.24 %
PITTSBURGH WARD 31 DIST 1,237,152,64.14 %
PITTSBURGH WARD 31 DIST 2,411,330,80.29 %
PITTSBURGH WARD 31 DIST 3,575,420,73.04 %
PITTSBURGH WARD 31 DIST 4,566,403,71.20 %
PITTSBURGH WARD 31 DIST 5,683,530,77.60 %
PITTSBURGH WARD 31 DIST 6,555,411,74.05 %
PITTSBURGH WARD 31 DIST 7,142,96,67.61 %
PITTSBURGH WARD 32 DIST 1,507,351,69.23 %
PITTSBURGH WARD 32 DIST 2,646,440,68.11 %
PITTSBURGH WARD 32 DIST 3,518,363,70.08 %
PITTSBURGH WARD 32 DIST 4,364,238,65.38 %
PITTSBURGH WARD 32 DIST 5,557,417,74.87 %
PITTSBURGH WARD 32 DIST 6,625,455,72.80 %
PITTSBURGH WARD 32 DIST 7,518,375,72.39 %
PITTSBURGH WARD 32 DIST 8,654,525,80.28 %
PLEASANT HL DIST 1,710,503,70.85 %
PLEASANT HL DIST 2,538,447,83.09 %
PLEASANT HL DIST 3,558,457,81.90 %
PLEASANT HL DIST 4,514,385,74.90 %
PLEASANT HL DIST 5,759,503,66.27 %
PLEASANT HL DIST 6,925,743,80.32 %
PLEASANT HL DIST 7,509,415,81.53 %
PLEASANT HL DIST 8,519,418,80.54 %
PLEASANT HL DIST 9,638,528,82.76 %
PLEASANT HL DIST 10,542,438,80.81 %
PLUM DIST 1,1771,1346,76.00 %
PLUM DIST 2,581,463,79.69 %
PLUM DIST 3,969,739,76.26 %
PLUM DIST 4,823,641,77.89 %
PLUM DIST 5,897,701,78.15 %
PLUM DIST 6,1227,968,78.89 %
PLUM DIST 7,1235,966,78.22 %
PLUM DIST 8,589,469,79.63 %
PLUM DIST 9,1097,861,78.49 %
PLUM DIST 10,580,431,74.31 %
PLUM DIST 11,790,630,79.75 %
PLUM DIST 12,1073,905,84.34 %
PLUM DIST 13,569,460,80.84 %
PLUM DIST 14,744,533,71.64 %
PLUM DIST 15,810,547,67.53 %
PLUM DIST 16,578,451,78.03 %
PLUM DIST 17,706,507,71.81 %
PLUM DIST 18,830,664,80.00 %
PLUM DIST 19,1852,1457,78.67 %
PLUM DIST 20,744,562,75.54 %
PLUM DIST 21,414,336,81.16 %
PORT VUE DIST 1,589,385,65.37 %
PORT VUE DIST 2,556,392,70.50 %
PORT VUE DIST 3,556,432,77.70 %
PORT VUE DIST 4,695,493,70.94 %
RANKIN WARD 1,366,251,68.58 %
RANKIN WARD 2,433,291,67.21 %
RANKIN WARD 3,627,368,58.69 %
RESERVE WARD 1,512,390,76.17 %
RESERVE WARD 2,567,439,77.43 %
RESERVE WARD 3,530,425,80.19 %
RESERVE WARD 4,846,647,76.48 %
RICHLAND DIST 1,1057,885,83.73 %
RICHLAND DIST 2,1116,898,80.47 %
RICHLAND DIST 3,1138,901,79.17 %
RICHLAND DIST 4,1126,914,81.17 %
RICHLAND DIST 5,1002,818,81.64 %
RICHLAND DIST 6,1068,886,82.96 %
RICHLAND DIST 7,1094,888,81.17 %
RICHLAND DIST 8,957,681,71.16 %
ROBINSON DIST 1,1595,1206,75.61 %
ROBINSON DIST 2,959,753,78.52 %
ROBINSON DIST 3,689,526,76.34 %
ROBINSON DIST 4,685,493,71.97 %
ROBINSON DIST 5,609,467,76.68 %
ROBINSON DIST 6,880,619,70.34 %
ROBINSON DIST 7,1381,1095,79.29 %
ROBINSON DIST 8,1436,997,69.43 %
ROBINSON DIST 9,2385,1704,71.45 %
ROSS WARD 1 DIST 1,734,570,77.66 %
ROSS WARD 1 DIST 2,617,483,78.28 %
ROSS WARD 1 DIST 3,493,365,74.04 %
ROSS WARD 1 DIST 4,842,656,77.91 %
ROSS WARD 2 DIST 1,1148,834,72.65 %
ROSS WARD 2 DIST 2,947,775,81.84 %
ROSS WARD 2 DIST 3,707,554,78.36 %
ROSS WARD 3 DIST 1,660,521,78.94 %
ROSS WARD 3 DIST 2,686,559,81.49 %
ROSS WARD 3 DIST 3,537,399,74.30 %
ROSS WARD 3 DIST 4,685,546,79.71 %
ROSS WARD 4 DIST 1,876,695,79.34 %
ROSS WARD 4 DIST 2,563,473,84.01 %
ROSS WARD 4 DIST 3,736,612,83.15 %
ROSS WARD 4 DIST 4,700,545,77.86 %
ROSS WARD 5 DIST 1,596,479,80.37 %
ROSS WARD 5 DIST 2,400,318,79.50 %
ROSS WARD 5 DIST 3,832,624,75.00 %
ROSS WARD 5 DIST 4,736,574,77.99 %
ROSS WARD 6 DIST 1,511,389,76.13 %
ROSS WARD 6 DIST 2,958,723,75.47 %
ROSS WARD 6 DIST 3,661,475,71.86 %
ROSS WARD 6 DIST 4,587,436,74.28 %
ROSS WARD 7 DIST 1,609,467,76.68 %
ROSS WARD 7 DIST 2,557,380,68.22 %
ROSS WARD 7 DIST 3,706,559,79.18 %
ROSS WARD 7 DIST 4,578,437,75.61 %
ROSS WARD 8 DIST 1,1574,1094,69.50 %
ROSS WARD 8 DIST 2,528,403,76.33 %
ROSS WARD 8 DIST 3,543,440,81.03 %
ROSS WARD 9 DIST 1,779,653,83.83 %
ROSS WARD 9 DIST 2,936,716,76.50 %
ROSS WARD 9 DIST 3,830,644,77.59 %
ROSSLYN FARM,376,321,85.37 %
SCOTT WARD 1 DIST 1,574,393,68.47 %
SCOTT WARD 1 DIST 2,657,436,66.36 %
SCOTT WARD 2 DIST 1,504,379,75.20 %
SCOTT WARD 2 DIST 2,678,556,82.01 %
SCOTT WARD 3 DIST 1,504,404,80.16 %
SCOTT WARD 3 DIST 2,732,551,75.27 %
SCOTT WARD 4 DIST 1,772,626,81.09 %
SCOTT WARD 4 DIST 2,608,490,80.59 %
SCOTT WARD 5 DIST 1,590,439,74.41 %
SCOTT WARD 5 DIST 2,746,589,78.95 %
SCOTT WARD 6 DIST 1,695,490,70.50 %
SCOTT WARD 6 DIST 2,781,601,76.95 %
SCOTT WARD 7 DIST 1,903,676,74.86 %
SCOTT WARD 7 DIST 2,635,512,80.63 %
SCOTT WARD 8 DIST 1,522,417,79.89 %
SCOTT WARD 8 DIST 2,1018,794,78.00 %
SCOTT WARD 9 DIST 1,313,200,63.90 %
SCOTT WARD 9 DIST 2,350,266,76.00 %
SEWICKLEY WARD 1,945,698,73.86 %
SEWICKLEY WARD 2 DIST 1,500,355,71.00 %
SEWICKLEY WARD 2 DIST 2,606,431,71.12 %
SEWICKLEY WARD 3,998,725,72.65 %
SEWICKLEY HTS,764,562,73.56 %
SEWICKLEY HILLS,525,419,79.81 %
SHALER WARD 1 DIST 1,489,395,80.78 %
SHALER WARD 1 DIST 2,498,368,73.90 %
SHALER WARD 1 DIST 3,605,426,70.41 %
SHALER WARD 1 DIST 4,590,480,81.36 %
SHALER WARD 1 DIST 5,661,473,71.56 %
SHALER WARD 2 DIST 1,1053,854,81.10 %
SHALER WARD 2 DIST 2,750,597,79.60 %
SHALER WARD 2 DIST 3,580,439,75.69 %
SHALER WARD 2 DIST 4,757,621,82.03 %
SHALER WARD 2 DIST 5,373,302,80.97 %
SHALER WARD 3 DIST 1,588,486,82.65 %
SHALER WARD 3 DIST 2,596,476,79.87 %
SHALER WARD 3 DIST 3,594,498,83.84 %
SHALER WARD 3 DIST 4,710,576,81.13 %
SHALER WARD 3 DIST 5,684,565,82.60 %
SHALER WARD 4 DIST 1,829,671,80.94 %
SHALER WARD 4 DIST 2,468,343,73.29 %
SHALER WARD 4 DIST 3,651,541,83.10 %
SHALER WARD 4 DIST 4,658,538,81.76 %
SHALER WARD 4 DIST 5,516,390,75.58 %
SHALER WARD 5 DIST 1,716,587,81.98 %
SHALER WARD 5 DIST 2,676,589,87.13 %
SHALER WARD 5 DIST 3,532,439,82.52 %
SHALER WARD 5 DIST 4,352,284,80.68 %
SHALER WARD 5 DIST 5,766,586,76.50 %
SHALER WARD 6 DIST 1,624,494,79.17 %
SHALER WARD 6 DIST 2,675,537,79.56 %
SHALER WARD 6 DIST 3,544,436,80.15 %
SHALER WARD 6 DIST 4,333,266,79.88 %
SHALER WARD 6 DIST 5,550,452,82.18 %
SHALER WARD 7 DIST 1,587,437,74.45 %
SHALER WARD 7 DIST 2,791,614,77.62 %
SHALER WARD 7 DIST 3,636,460,72.33 %
SHALER WARD 7 DIST 4,1013,791,78.08 %
SHARPSBURG DIST 1,577,346,59.97 %
SHARPSBURG DIST 2,794,503,63.35 %
SHARPSBURG DIST 3,853,553,64.83 %
S FAYETTE DIST 1,558,472,84.59 %
S FAYETTE DIST 2,1078,861,79.87 %
S FAYETTE DIST 3,1432,1125,78.56 %
S FAYETTE DIST 4,852,642,75.35 %
S FAYETTE DIST 5,830,630,75.90 %
S FAYETTE DIST 6,1188,885,74.49 %
S FAYETTE DIST 7,627,471,75.12 %
S FAYETTE DIST 8,1480,1187,80.20 %
S FAYETTE DIST 9,651,436,66.97 %
S FAYETTE DIST 10,787,577,73.32 %
S FAYETTE DIST 11,919,711,77.37 %
S FAYETTE DIST 12,485,325,67.01 %
SOUTH PARK DIST 1,726,587,80.85 %
SOUTH PARK DIST 2,761,590,77.53 %
SOUTH PARK DIST 3,606,477,78.71 %
SOUTH PARK DIST 4,466,326,69.96 %
SOUTH PARK DIST 5,746,590,79.09 %
SOUTH PARK DIST 6,861,662,76.89 %
SOUTH PARK DIST 7,1101,856,77.75 %
SOUTH PARK DIST 8,512,434,84.77 %
SOUTH PARK DIST 9,807,615,76.21 %
SOUTH PARK DIST 10,844,672,79.62 %
SOUTH PARK DIST 11,596,430,72.15 %
SOUTH PARK DIST 12,569,427,75.04 %
SOUTH PARK DIST 13,1001,806,80.52 %
S VERSAILLES,209,158,75.60 %
SPRINGDAL BR DIST 1,696,501,71.98 %
SPRINGDAL BR DIST 2,593,445,75.04 %
SPRINGDAL BR DIST 3,522,373,71.46 %
SPRINGDAL BR DIST 4,438,321,73.29 %
SPRINGDALE TWP,1161,886,76.31 %
STOWE WARD 1,416,276,66.35 %
STOWE WARD 2 DIST 1,184,97,52.72 %
STOWE WARD 2 DIST 2,695,479,68.92 %
STOWE WARD 3,388,237,61.08 %
STOWE WARD 4 DIST 1,382,234,61.26 %
STOWE WARD 4 DIST 2,367,289,78.75 %
STOWE WARD 5,505,304,60.20 %
STOWE WARD 6,467,264,56.53 %
STOWE WARD 7,295,172,58.31 %
STOWE WARD 8,436,212,48.62 %
STOWE WARD 9,334,181,54.19 %
SWISSVALE DIST 1,910,552,60.66 %
SWISSVALE DIST 2,752,508,67.55 %
SWISSVALE DIST 3,691,419,60.64 %
SWISSVALE DIST 4,631,437,69.26 %
SWISSVALE DIST 5,758,549,72.43 %
SWISSVALE DIST 6,403,253,62.78 %
SWISSVALE DIST 7,663,481,72.55 %
SWISSVALE DIST 8,734,508,69.21 %
SWISSVALE DIST 9,652,478,73.31 %
SWISSVALE DIST 10,233,143,61.37 %
SWISSVALE DIST 11,675,546,80.89 %
TARENTUM WARD 1 DIST 1,669,407,60.84 %
TARENTUM WARD 1 DIST 2,479,346,72.23 %
TARENTUM WARD 2,529,302,57.09 %
TARENTUM WARD 3 DIST 1,303,176,58.09 %
TARENTUM WARD 3 DIST 2,600,373,62.17 %
THORNBURG,414,336,81.16 %
PENNSBURY VILL,599,453,75.63 %
TRAFFORD,46,30,65.22 %
TURTLE CREEK WD 1 DIST 1,819,562,68.62 %
TURTLE CREEK WD 1 DIST 2,401,277,69.08 %
TURTLE CREEK WD 2 DIST 1,675,423,62.67 %
TURTLE CREEK WD 2 DIST 2,323,195,60.37 %
TURTLE CREEK WD 3 DIST 1,622,357,57.40 %
TURTLE CREEK WD 3 DIST 2,479,315,65.76 %
UP ST CLAIR WARD 1 DIST 1,689,567,82.29 %
UP ST CLAIR WARD 1 DIST 2,825,659,79.88 %
UP ST CLAIR WARD 1 DIST 3,937,749,79.94 %
UP ST CLAIR WARD 1 DIST 4,793,624,78.69 %
UP ST CLAIR WARD 2 DIST 1,948,727,76.69 %
UP ST CLAIR WARD 2 DIST 2,681,503,73.86 %
UP ST CLAIR WARD 2 DIST 3,1030,802,77.86 %
UP ST CLAIR WARD 2 DIST 4,535,420,78.50 %
UP ST CLAIR WARD 3 DIST 1,1024,779,76.07 %
UP ST CLAIR WARD 3 DIST 2,860,686,79.77 %
UP ST CLAIR WARD 3 DIST 3,1187,896,75.48 %
UP ST CLAIR WARD 4 DIST 1,975,767,78.67 %
UP ST CLAIR WARD 4 DIST 2,772,615,79.66 %
UP ST CLAIR WARD 4 DIST 3,613,500,81.57 %
UP ST CLAIR WARD 4 DIST 4,1012,754,74.51 %
UP ST CLAIR WARD 5 DIST 1,1314,1041,79.22 %
UP ST CLAIR WARD 5 DIST 2,800,650,81.25 %
UP ST CLAIR WARD 5 DIST 3,860,667,77.56 %
VERONA DIST 1,516,355,68.80 %
VERONA DIST 2,594,423,71.21 %
VERONA DIST 3,613,416,67.86 %
VERSAILLES DIST 1,538,348,64.68 %
VERSAILLES DIST 2,486,303,62.35 %
WALL,314,181,57.64 %
WEST DEER DIST 1,1351,1089,80.61 %
WEST DEER DIST 2,563,438,77.80 %
WEST DEER DIST 3,826,628,76.03 %
WEST DEER DIST 4,774,632,81.65 %
WEST DEER DIST 5,833,619,74.31 %
WEST DEER DIST 6,748,602,80.48 %
WEST DEER DIST 7,1516,1172,77.31 %
WEST DEER DIST 8,1396,1099,78.72 %
W ELIZABETH,282,179,63.48 %
W HOMESTEAD DIST 1,487,268,55.03 %
W HOMESTEAD DIST 2,455,374,82.20 %
W HOMESTEAD DIST 3,526,415,78.90 %
WEST MIFFLIN DIST 1,722,522,72.30 %
WEST MIFFLIN DIST 2,461,317,68.76 %
WEST MIFFLIN DIST 3,463,322,69.55 %
WEST MIFFLIN DIST 4,454,227,50.00 %
WEST MIFFLIN DIST 5,845,664,78.58 %
WEST MIFFLIN DIST 6,320,222,69.38 %
WEST MIFFLIN DIST 7,740,570,77.03 %
WEST MIFFLIN DIST 8,566,380,67.14 %
WEST MIFFLIN DIST 9,774,571,73.77 %
WEST MIFFLIN DIST 10,511,386,75.54 %
WEST MIFFLIN DIST 11,781,566,72.47 %
WEST MIFFLIN DIST 12,1024,723,70.61 %
WEST MIFFLIN DIST 13,592,424,71.62 %
WEST MIFFLIN DIST 14,864,691,79.98 %
WEST MIFFLIN DIST 15,595,427,71.76 %
WEST MIFFLIN DIST 16,1204,929,77.16 %
WEST MIFFLIN DIST 17,569,431,75.75 %
WEST MIFFLIN DIST 18,782,587,75.06 %
WEST MIFFLIN DIST 19,660,514,77.88 %
WEST MIFFLIN DIST 20,450,382,84.89 %
WEST MIFFLIN DIST 21,653,496,75.96 %
WEST VIEW DIST 1,702,526,74.93 %
WEST VIEW DIST 2,778,564,72.49 %
WEST VIEW DIST 3,575,421,73.22 %
WEST VIEW DIST 4,580,463,79.83 %
WEST VIEW DIST 5,740,575,77.70 %
WEST VIEW DIST 6,702,550,78.35 %
WEST VIEW DIST 7,645,527,81.71 %
WHITAKER DIST 1,426,306,71.83 %
WHITAKER DIST 2,399,257,64.41 %
WHITEHALL DIST 1,528,427,80.87 %
WHITEHALL DIST 2,604,477,78.97 %
WHITEHALL DIST 3,660,540,81.82 %
WHITEHALL DIST 4,673,540,80.24 %
WHITEHALL DIST 5,684,529,77.34 %
WHITEHALL DIST 6,1008,577,57.24 %
WHITEHALL DIST 7,465,342,73.55 %
WHITEHALL DIST 8,790,643,81.39 %
WHITEHALL DIST 9,540,432,80.00 %
WHITEHALL DIST 10,614,481,78.34 %
WHITEHALL DIST 11,627,509,81.18 %
WHITEHALL DIST 12,546,411,75.27 %
WHITEHALL DIST 13,447,359,80.31 %
WHITEHALL DIST 14,576,463,80.38 %
WHITEHALL DIST 15,939,785,83.60 %
WHITEHALL DIST 16,598,487,81.44 %
WHITE OAK DIST 1,742,525,70.75 %
WHITE OAK DIST 2,786,571,72.65 %
WHITE OAK DIST 3,870,663,76.21 %
WHITE OAK DIST 4,751,597,79.49 %
WHITE OAK DIST 5,797,627,78.67 %
WHITE OAK DIST 6,724,550,75.97 %
WHITE OAK DIST 7,1062,792,74.58 %
WILKINS WARD 1 DIST 1,784,548,69.90 %
WILKINS WARD 1 DIST 2,651,531,81.57 %
WILKINS WARD 1 DIST 3,803,667,83.06 %
WILKINS WARD 1 DIST 4,629,497,79.01 %
WILKINS WARD 1 DIST 5,425,299,70.35 %
WILKINS WARD 2 DIST 1,619,471,76.09 %
WILKINS WARD 2 DIST 2,907,657,72.44 %
WILKINSBURG WARD 1 DIST 1,1013,677,66.83 %
WILKINSBURG WARD 1 DIST 2,765,461,60.26 %
WILKINSBURG WARD 1 DIST 3,465,289,62.15 %
WILKINSBURG WARD 1 DIST 4,601,451,75.04 %
WILKINSBURG WARD 1 DIST 5,531,445,83.80 %
WILKINSBURG WARD 1 DIST 6,1006,624,62.03 %
WILKINSBURG WARD 2 DIST 1,823,483,58.69 %
WILKINSBURG WARD 2 DIST 2,987,765,77.51 %
WILKINSBURG WARD 2 DIST 3,866,494,57.04 %
WILKINSBURG WARD 2 DIST 4,532,277,52.07 %
WILKINSBURG WARD 2 DIST 5,770,452,58.70 %
WILKINSBURG WARD 3 DIST 1,728,559,76.79 %
WILKINSBURG WARD 3 DIST 2,661,452,68.38 %
WILKINSBURG WARD 3 DIST 3,837,517,61.77 %
WILKINSBURG WARD 3 DIST 4,1025,714,69.66 %
WILKINSBURG WARD 3 DIST 5,1042,594,57.01 %
WILKINSBURG WARD 3 DIST 6,543,280,51.57 %
WILMERDING DIST 1,530,311,58.68 %
WILMERDING DIST 2,764,462,60.47 %
Total:,922104,660009,71.58 %